"ShaderTypeName","ShaderType","Frequency","NumShaders","ShadersSize"
"FARGB16BigConvertPS","Global","SF_Pixel","1","1176"
"FAYUVConvertPS","Global","SF_Pixel","1","585"
"FAccumulateCubeFacesPS","Global","SF_Pixel","1","466"
"FAccumulateDiffuseIrradiancePS","Global","SF_Pixel","1","806"
"FAllocateBottomLevelGrid","Global","SF_Compute","2","1558"
"FAllocatePagesCS","Global","SF_Compute","12","24346"
"FAllocateSparseVoxels","Global","SF_Compute","1","461"
"FAllocateSparseVoxelsToRefine","Global","SF_Compute","1","841"
"FAlphaInvertPS","Global","SF_Pixel","1","292"
"FAmbientCubemapCompositePS","Global","SF_Pixel","1","5300"
"FAmbientOcclusionCS","Global","SF_Compute","14","39025"
"FAmbientOcclusionPS","Global","SF_Pixel","18","48137"
"FAmbientOcclusionSetupPS","Global","SF_Pixel","1","1065"
"FAmbientOcclusionSmoothCS","Global","SF_Compute","1","466"
"FApplyLightShaftsPixelShader","Global","SF_Pixel","1","382"
"FApplyLocalExposureCS","Global","SF_Compute","1","1024"
"FApplyLowerHemisphereColorPS","Global","SF_Pixel","1","779"
"FBMPConvertPS","Global","SF_Pixel","1","557"
"FBasicEyeAdaptationCS","Global","SF_Compute","2","3512"
"FBasicEyeAdaptationSetupPS","Global","SF_Pixel","1","445"
"FBinkDrawICtCpPS","Global","SF_Pixel","8","6249"
"FBinkDrawVS","Global","SF_Vertex","1","447"
"FBinkDrawYCbCrPS","Global","SF_Pixel","4","1801"
"FBloomClampKernelCS","Global","SF_Compute","1","437"
"FBloomDownsampleKernelCS","Global","SF_Compute","1","543"
"FBloomFinalizeApplyConstantsCS","Global","SF_Compute","1","452"
"FBloomFindKernelCenterCS","Global","SF_Compute","1","754"
"FBloomPackKernelConstantsCS","Global","SF_Compute","1","344"
"FBloomReduceKernelSurveyCS","Global","SF_Compute","1","679"
"FBloomResizeKernelCS","Global","SF_Compute","1","964"
"FBloomSetupCS","Global","SF_Compute","4","3418"
"FBloomSetupPS","Global","SF_Pixel","4","2955"
"FBloomSumScatterDispersionEnergyCS","Global","SF_Compute","1","585"
"FBloomSurveyKernelCenterEnergyCS","Global","SF_Compute","1","725"
"FBloomSurveyMaxScatterDispersionCS","Global","SF_Compute","1","717"
"FBlurLightShaftsPixelShader","Global","SF_Pixel","1","770"
"FBuildFeedbackHashTableCS","Global","SF_Compute","2","1415"
"FBuildFeedbackHashTableIndirectArgsCS","Global","SF_Compute","1","369"
"FBuildGridTilesCS","Global","SF_Compute","1","1140"
"FBuildHeightfieldComposeTilesCS","Global","SF_Compute","1","364"
"FBuildHeightfieldComposeTilesIndirectArgBufferCS","Global","SF_Compute","1","321"
"FBuildIndirectDispatchArgsBufferCS","Global","SF_Compute","1","458"
"FBuildInstanceIdBufferAndCommandsFromPrimitiveIdsCs","Global","SF_Compute","64","237829"
"FBuildLandscapeTileDataCS","Global","SF_Compute","1","1909"
"FBuildMajorantVoxelGridCS","Global","SF_Compute","2","1323"
"FBuildPhysicsFieldClipmapCS","Global","SF_Compute","1","5951"
"FBuildShadingEnergyConservationTableCS","Global","SF_Compute","4","6077"
"FBuildTileConesCS","Global","SF_Compute","1","1097"
"FCalculateCompactBlockInstanceOffsetsCs","Global","SF_Compute","1","786"
"FCalculateExposureIlluminanceCS","Global","SF_Compute","1","2650"
"FCalculateShadingRateImageCS","Global","SF_Compute","2","2114"
"FCapsuleShadowingCS","Global","SF_Compute","15","70035"
"FCapsuleShadowingUpsamplePS","Global","SF_Pixel","4","3610"
"FCapsuleShadowingUpsampleVS","Global","SF_Vertex","1","613"
"FClearAABBCS","Global","SF_Compute","1","353"
"FClearAllocator","Global","SF_Compute","1","221"
"FClearIndirectArgBufferCS","Global","SF_Compute","1","348"
"FClearIndirectArgInstanceCountCs","Global","SF_Compute","1","360"
"FClearIndirectDispatchArgsCS","Global","SF_Compute","1","424"
"FClearMessageBufferCS","Global","SF_Compute","1","154"
"FClearPressureGridCS","Global","SF_Compute","1","615"
"FClearReplacementCS_Buffer_Float4_Bounds","Global","SF_Compute","1","334"
"FClearReplacementCS_Buffer_Float_Bounds","Global","SF_Compute","1","335"
"FClearReplacementCS_Buffer_Sint4_Bounds","Global","SF_Compute","1","334"
"FClearReplacementCS_Buffer_Uint","Global","SF_Compute","1","191"
"FClearReplacementCS_Buffer_Uint4","Global","SF_Compute","1","191"
"FClearReplacementCS_Buffer_Uint4_Bounds","Global","SF_Compute","1","334"
"FClearReplacementCS_Buffer_Uint_Bounds","Global","SF_Compute","1","335"
"FClearReplacementCS_Buffer_Uint_Zero","Global","SF_Compute","1","164"
"FClearReplacementCS_LargeBuffer_Float4_Bounds","Global","SF_Compute","1","335"
"FClearReplacementCS_LargeBuffer_Float_Bounds","Global","SF_Compute","1","336"
"FClearReplacementCS_LargeBuffer_Sint4_Bounds","Global","SF_Compute","1","335"
"FClearReplacementCS_LargeBuffer_Uint","Global","SF_Compute","1","193"
"FClearReplacementCS_LargeBuffer_Uint4","Global","SF_Compute","1","193"
"FClearReplacementCS_LargeBuffer_Uint4_Bounds","Global","SF_Compute","1","335"
"FClearReplacementCS_LargeBuffer_Uint_Bounds","Global","SF_Compute","1","335"
"FClearReplacementCS_StructuredBuffer_Float4_Bounds","Global","SF_Compute","1","334"
"FClearReplacementCS_StructuredBuffer_Float_Bounds","Global","SF_Compute","1","332"
"FClearReplacementCS_StructuredBuffer_Sint4_Bounds","Global","SF_Compute","1","334"
"FClearReplacementCS_StructuredBuffer_Uint","Global","SF_Compute","1","191"
"FClearReplacementCS_StructuredBuffer_Uint4","Global","SF_Compute","1","191"
"FClearReplacementCS_StructuredBuffer_Uint4_Bounds","Global","SF_Compute","1","334"
"FClearReplacementCS_StructuredBuffer_Uint_Bounds","Global","SF_Compute","1","332"
"FClearReplacementCS_StructuredBuffer_Uint_Zero","Global","SF_Compute","1","163"
"FClearReplacementCS_Texture2DArray_Float4","Global","SF_Compute","1","191"
"FClearReplacementCS_Texture2DArray_Float4_Bounds","Global","SF_Compute","1","295"
"FClearReplacementCS_Texture2DArray_Sint4_Bounds","Global","SF_Compute","1","295"
"FClearReplacementCS_Texture2DArray_Uint","Global","SF_Compute","1","191"
"FClearReplacementCS_Texture2DArray_Uint4","Global","SF_Compute","1","191"
"FClearReplacementCS_Texture2DArray_Uint4_Bounds","Global","SF_Compute","1","295"
"FClearReplacementCS_Texture2DArray_Uint_Zero","Global","SF_Compute","1","164"
"FClearReplacementCS_Texture2D_Float4","Global","SF_Compute","1","191"
"FClearReplacementCS_Texture2D_Float4_Bounds","Global","SF_Compute","1","273"
"FClearReplacementCS_Texture2D_Sint4_Bounds","Global","SF_Compute","1","273"
"FClearReplacementCS_Texture2D_Uint4","Global","SF_Compute","1","191"
"FClearReplacementCS_Texture2D_Uint4_Bounds","Global","SF_Compute","1","273"
"FClearReplacementCS_Texture3D_Float4","Global","SF_Compute","1","191"
"FClearReplacementCS_Texture3D_Float4_Bounds","Global","SF_Compute","1","295"
"FClearReplacementCS_Texture3D_Sint4_Bounds","Global","SF_Compute","1","295"
"FClearReplacementCS_Texture3D_Uint4","Global","SF_Compute","1","191"
"FClearReplacementCS_Texture3D_Uint4_Bounds","Global","SF_Compute","1","295"
"FClearReplacementPS","Global","SF_Pixel","1","173"
"FClearReplacementPS_128","Global","SF_Pixel","1","173"
"FClearReplacementPS_Zero","Global","SF_Pixel","1","249"
"FClearReplacementVS","Global","SF_Vertex","1","273"
"FClearReplacementVS_Bounds","Global","SF_Vertex","1","309"
"FClearReplacementVS_Depth","Global","SF_Vertex","1","312"
"FClearTranslucentLightingVolumeCS","Global","SF_Compute","1","269"
"FClearUAVBuildIndirectDispatchBufferCS","Global","SF_Compute","1","502"
"FClearUAVCS","Global","SF_Compute","1","327"
"FClearUAVRectsPS","Global","SF_Pixel","1","237"
"FClearUIntGraphicPS","Global","SF_Pixel","3","567"
"FClearVelocityGridCS","Global","SF_Compute","1","331"
"FClearVolumetricShadowMapCS","Global","SF_Compute","1","344"
"FCloudShadowFilterCS","Global","SF_Compute","2","1291"
"FCloudShadowTemporalProcessCS","Global","SF_Compute","1","826"
"FClusteredShadingVS","Global","SF_Vertex","1","583"
"FCombineConeVisibilityCS","Global","SF_Compute","1","707"
"FCombineShadingRateTexturesCS","Global","SF_Compute","1","356"
"FCombineVolumetricShadowMapsCS","Global","SF_Compute","2","3753"
"FCompactFeedbackHashTableCS","Global","SF_Compute","2","894"
"FCompactViewsVSM_CS","Global","SF_Compute","1","1541"
"FCompactVisibleInstancesCs","Global","SF_Compute","1","855"
"FComplexFFTPassCS","Global","SF_Compute","1","1115"
"FComplexMultiplyImagesCS","Global","SF_Compute","1","684"
"FComposeHeightfieldsIntoPagesCS","Global","SF_Compute","2","5396"
"FComposeMeshEdgesPS","Global","SF_Pixel","4","3070"
"FComposeSeparateTranslucencyPS","Global","SF_Pixel","2","1711"
"FComposeVolumetricRTOverScenePS","Global","SF_Pixel","64","284806"
"FCompositeAnimatedVectorFieldCS","Global","SF_Compute","1","801"
"FCompositeCoreDilateShader","Global","SF_Compute","3","2211"
"FCompositeCoreDisplayTransformShader","Global","SF_Pixel","1","471"
"FCompositeCoreMergeShader","Global","SF_Pixel","2","4320"
"FCompositeHDRForBlurPS","Global","SF_Pixel","2","1688"
"FCompositeHeightfieldsIntoObjectGridPagesCS","Global","SF_Compute","1","3141"
"FCompositeObjectsIntoObjectGridPagesCS","Global","SF_Compute","8","19301"
"FCompositeObjectsIntoPagesCS","Global","SF_Compute","16","35094"
"FCompositePS","Global","SF_Pixel","4","7142"
"FCompositePostProcessPrimitivesPS","Global","SF_Pixel","14","18633"
"FCompressVolumetricShadowMapCS","Global","SF_Compute","1","1381"
"FComputeBrightnessPS","Global","SF_Pixel","1","459"
"FComputeCubeMaxLuminancePS","Global","SF_Pixel","1","434"
"FComputeCulledObjectStartOffsetCS","Global","SF_Compute","1","497"
"FComputeCulledTilesStartOffsetCS","Global","SF_Compute","1","564"
"FComputeDistanceFieldAssetWantedMipsCS","Global","SF_Compute","1","830"
"FComputeDistanceFieldNormalCS","Global","SF_Compute","1","553"
"FComputeDistanceFieldNormalPS","Global","SF_Pixel","1","569"
"FComputeLightDirectionFromVolumetricLightmapCS","Global","SF_Compute","1","1235"
"FComputeSkyEnvMapDiffuseIrradianceCS","Global","SF_Compute","1","2244"
"FComputeVariableRateShadingImageGeneration","Global","SF_Compute","1","397"
"FConeTraceScreenGridGlobalOcclusionCS","Global","SF_Compute","2","3704"
"FConeTraceScreenGridObjectOcclusionCS","Global","SF_Compute","4","11032"
"FConvertBeerLawShadowMapToVolumetricShadowMapCS","Global","SF_Compute","1","677"
"FConvertTexture3DFixedPointToFloatCS","Global","SF_Compute","1","268"
"FConvertVolumetricShadowMapToBeerLawShadowMapCS","Global","SF_Compute","1","574"
"FConvolveSpecularFaceCS","Global","SF_Compute","1","1826"
"FCopyBackgroundVisibilityPS","Global","SF_Pixel","2","551"
"FCopyCompressCS","Global","SF_Compute","20","32248"
"FCopyCubemapToCubeFacePS","Global","SF_Pixel","1","725"
"FCopyCubemapToIlluminanceMeterCubemapPS","Global","SF_Pixel","1","649"
"FCopyDepthPS","Global","SF_Pixel","4","1214"
"FCopyDiffuseIrradiancePS","Global","SF_Pixel","1","820"
"FCopyDistanceFieldAtlasCS","Global","SF_Compute","1","236"
"FCopyDistanceFieldIndirectionAtlasCS","Global","SF_Compute","1","410"
"FCopyEyeAdaptationToTextureCS","Global","SF_Compute","1","215"
"FCopyIndirectBufferCS","Global","SF_Compute","1","446"
"FCopyMaxIntoMajorantVoxelGridCS","Global","SF_Compute","1","206"
"FCopyQuadsMultiSourcePSDefault","Global","SF_Pixel","2","1990"
"FCopyQuadsPS","Global","SF_Pixel","1","308"
"FCopyRectPS","Global","SF_Pixel","1","229"
"FCopyRectSrvPS","Global","SF_Pixel","1","229"
"FCopySceneColorPS","Global","SF_Pixel","1","401"
"FCopySceneColorTexturePS","Global","SF_Pixel","1","559"
"FCopySceneColorToCubeFacePS","Global","SF_Pixel","1","713"
"FCopyShadowMaps2DPS","Global","SF_Pixel","1","312"
"FCopyShadowMapsCubeGS","Global","SF_Geometry","1","591"
"FCopyShadowMapsCubePS","Global","SF_Pixel","1","612"
"FCopyStencilToLightingChannelsPS","Global","SF_Pixel","1","413"
"FCopyTexture3D","Global","SF_Compute","1","339"
"FCopyTextureCS_Texture2DArray_Texture2DArray_Float4","Global","SF_Compute","1","347"
"FCopyTextureCS_Texture2DArray_Texture2DArray_Int324","Global","SF_Compute","1","345"
"FCopyTextureCS_Texture2DArray_Texture2DArray_Uint324","Global","SF_Compute","1","347"
"FCopyTextureCS_Texture2DArray_Texture2D_Float4","Global","SF_Compute","1","348"
"FCopyTextureCS_Texture2DArray_Texture2D_Int324","Global","SF_Compute","1","348"
"FCopyTextureCS_Texture2DArray_Texture2D_Uint324","Global","SF_Compute","1","348"
"FCopyTextureCS_Texture2DArray_Texture3D_Float4","Global","SF_Compute","1","348"
"FCopyTextureCS_Texture2DArray_Texture3D_Int324","Global","SF_Compute","1","348"
"FCopyTextureCS_Texture2DArray_Texture3D_Uint324","Global","SF_Compute","1","358"
"FCopyTextureCS_Texture2D_Texture2DArray_Float4","Global","SF_Compute","1","359"
"FCopyTextureCS_Texture2D_Texture2DArray_Int324","Global","SF_Compute","1","359"
"FCopyTextureCS_Texture2D_Texture2DArray_Uint324","Global","SF_Compute","1","359"
"FCopyTextureCS_Texture2D_Texture2D_Float4","Global","SF_Compute","1","359"
"FCopyTextureCS_Texture2D_Texture2D_Int324","Global","SF_Compute","1","359"
"FCopyTextureCS_Texture2D_Texture2D_Uint324","Global","SF_Compute","1","359"
"FCopyTextureCS_Texture2D_Texture3D_Float4","Global","SF_Compute","1","359"
"FCopyTextureCS_Texture2D_Texture3D_Int324","Global","SF_Compute","1","359"
"FCopyTextureCS_Texture2D_Texture3D_Uint324","Global","SF_Compute","1","359"
"FCopyTextureCS_Texture3D_Texture2DArray_Float4","Global","SF_Compute","1","348"
"FCopyTextureCS_Texture3D_Texture2DArray_Int324","Global","SF_Compute","1","348"
"FCopyTextureCS_Texture3D_Texture2DArray_Uint324","Global","SF_Compute","1","348"
"FCopyTextureCS_Texture3D_Texture2D_Float4","Global","SF_Compute","1","348"
"FCopyTextureCS_Texture3D_Texture2D_Int324","Global","SF_Compute","1","348"
"FCopyTextureCS_Texture3D_Texture2D_Uint324","Global","SF_Compute","1","348"
"FCopyTextureCS_Texture3D_Texture3D_Float4","Global","SF_Compute","1","348"
"FCopyTextureCS_Texture3D_Texture3D_Int324","Global","SF_Compute","1","348"
"FCopyTextureCS_Texture3D_Texture3D_Uint324","Global","SF_Compute","1","348"
"FCopyToCubeFaceVS","Global","SF_Vertex","1","551"
"FCopyUIntBufferCS","Global","SF_Compute","1","341"
"FCopyVelocityGridCS","Global","SF_Compute","1","371"
"FCopyWindowCS","Global","SF_Compute","1","616"
"FCreateSparseVoxelBLAS","Global","SF_Compute","1","733"
"FCubeDownsampleMaxPS","Global","SF_Pixel","1","828"
"FCubeDownsamplePS","Global","SF_Pixel","1","1006"
"FCubeFilterPS","Global","SF_Pixel","1","1661"
"FCubemapTexturePropertiesPS","Global","SF_Pixel","4","2886"
"FCubemapTexturePropertiesVS","Global","SF_Vertex","1","404"
"FCullObjectsForShadowCS","Global","SF_Compute","2","1871"
"FCullObjectsForViewCS","Global","SF_Compute","1","1067"
"FCullObjectsToClipmapCS","Global","SF_Compute","2","1722"
"FCullObjectsToGridCS","Global","SF_Compute","1","1150"
"FDebugAlphaChannelCS","Global","SF_Compute","1","487"
"FDebugTranslucencyLightingVolumeCS","Global","SF_Compute","1","2766"
"FDebugVariableRateShadingCS","Global","SF_Compute","1","648"
"FDebugVariableRateShadingPS","Global","SF_Pixel","1","504"
"FDeepShadowCreateViewInfoCS","Global","SF_Compute","1","3501"
"FDeepShadowVisualizePS","Global","SF_Pixel","2","1265"
"FDeferredDecalVS","Global","SF_Vertex","1","298"
"FDeferredLightHairVS","Global","SF_Vertex","1","583"
"FDeferredLightOverlapPS","Global","SF_Pixel","2","1330"
"FDeferredLightPS","Global","SF_Pixel","434","4716002"
"FDeferredLightVS","Global","SF_Vertex","2","1522"
"FDeformGuideCS","Global","SF_Compute","5","3778"
"FDesaturatePS","Global","SF_Pixel","1","277"
"FDeviceEncodingOnlyCS","Global","SF_Compute","3","11035"
"FDeviceEncodingOnlyPS","Global","SF_Pixel","3","10781"
"FDiaphragmDOFBuildBokehLUTCS","Global","SF_Compute","6","4670"
"FDiaphragmDOFCocDilateCS","Global","SF_Compute","9","18703"
"FDiaphragmDOFCocFlattenCS","Global","SF_Compute","4","3244"
"FDiaphragmDOFDownsampleCS","Global","SF_Compute","2","1425"
"FDiaphragmDOFGatherCS","Global","SF_Compute","82","322062"
"FDiaphragmDOFHybridScatterPS","Global","SF_Pixel","12","18971"
"FDiaphragmDOFHybridScatterVS","Global","SF_Vertex","2","2440"
"FDiaphragmDOFPostfilterCS","Global","SF_Compute","8","5896"
"FDiaphragmDOFRecombineCS","Global","SF_Compute","42","138472"
"FDiaphragmDOFReduceCS","Global","SF_Compute","21","42542"
"FDiaphragmDOFScatterGroupPackCS","Global","SF_Compute","3","1605"
"FDiaphragmDOFSetupCS","Global","SF_Compute","6","9478"
"FDiffuseIndirectCompositePS","Global","SF_Pixel","57","232303"
"FDilateExistenceMaskCS","Global","SF_Compute","1","395"
"FDistanceFieldAOUpsamplePS","Global","SF_Pixel","2","2146"
"FDistanceFieldShadowingCS","Global","SF_Compute","288","975458"
"FDistanceFieldShadowingUpsamplePS","Global","SF_Pixel","2","1692"
"FDistortionApplyScreenPS","Global","SF_Pixel","4","3254"
"FDistortionMergeScreenPS","Global","SF_Pixel","4","1417"
"FDitheredTransitionStencilCS","Global","SF_Compute","1","491"
"FDitheredTransitionStencilPS","Global","SF_Pixel","1","383"
"FDownsampleCS","Global","SF_Compute","2","946"
"FDownsampleCubeFaceCS","Global","SF_Compute","1","1142"
"FDownsampleDepthPS","Global","SF_Pixel","3","1835"
"FDownsampleIntegrateCubemapIlluminancePS","Global","SF_Pixel","1","818"
"FDownsampleLightShaftsPixelShader","Global","SF_Pixel","2","1434"
"FDownsampleLightShaftsVertexShader","Global","SF_Vertex","1","551"
"FDownsampleMajorantVoxelGridCS","Global","SF_Compute","1","820"
"FDownsamplePS","Global","SF_Pixel","2","879"
"FDownsampleSceneColorCS","Global","SF_Compute","1","385"
"FDrawDebugStrandsCVsCS","Global","SF_Compute","1","3443"
"FDrawTexturePS","Global","SF_Pixel","1","306"
"FDumpTextureCS","Global","SF_Compute","3","723"
"FExponentialHeightFogPS","Global","SF_Pixel","32","86736"
"FExrSwizzlePS","Global","SF_Pixel","12","14141"
"FExrSwizzleVS","Global","SF_Vertex","1","461"
"FEyeAdaptationCS","Global","SF_Compute","2","6284"
"FFXAAPS","Global","SF_Pixel","12","21595"
"FFillMipsConditionBufferCS","Global","SF_Compute","1","277"
"FFillTextureCS","Global","SF_Compute","1","334"
"FFilmGrainPackConstantsCS","Global","SF_Compute","1","298"
"FFilmGrainReduceCS","Global","SF_Compute","1","512"
"FFilterCS","Global","SF_Compute","132","96884"
"FFilterHistoryPS","Global","SF_Pixel","2","1411"
"FFilterPS","Global","SF_Pixel","132","90025"
"FFilterSceneColorCS","Global","SF_Compute","1","487"
"FFilterTranslucentVolumeCS","Global","SF_Compute","3","2289"
"FFilterVS","Global","SF_Vertex","16","8289"
"FFinishOcclusionPixelShader","Global","SF_Pixel","1","529"
"FFirstPersonSelfShadowBlurPS","Global","SF_Pixel","1","1385"
"FFirstPersonSelfShadowInputsDownsamplePS","Global","SF_Pixel","1","1299"
"FFirstPersonSelfShadowTracingPS","Global","SF_Pixel","6","13505"
"FFirstPersonSelfShadowUpsamplePS","Global","SF_Pixel","1","1005"
"FFusionBlendCS","Global","SF_Compute","2","945"
"FFusionSetupCS","Global","SF_Compute","1","3218"
"FGLTFSimpleElementNormalMapPS","Global","SF_Pixel","1","402"
"FGLTFSimpleTexture2DPS","Global","SF_Pixel","1","229"
"FGPUDebugCrashUtilsCS","Global","SF_Compute","2","557"
"FGPUMorphNormalizeCS","Global","SF_Compute","1","541"
"FGPUMorphUpdateCS","Global","SF_Compute","1","1968"
"FGPUSceneSetInstancePrimitiveIdCS","Global","SF_Compute","1","966"
"FGPUSkinCacheCS","Global","SF_Compute","27","53176"
"FGSComplexTransformCS","Global","SF_Compute","12","42372"
"FGSConvolutionWithTextureCS","Global","SF_Compute","12","68092"
"FGSTwoForOneTransformCS","Global","SF_Compute","12","69459"
"FGTAOHorizonSearchAndIntegrateCS","Global","SF_Compute","10","33662"
"FGTAOHorizonSearchCS","Global","SF_Compute","5","20280"
"FGTAOInnerIntegratePS","Global","SF_Pixel","1","1822"
"FGTAOSpatialFilterCS","Global","SF_Compute","1","1339"
"FGTAOTemporalFilterCS","Global","SF_Compute","1","1374"
"FGTAOUpsamplePS","Global","SF_Pixel","1","478"
"FGatherMarkedVoxelsCS","Global","SF_Compute","1","417"
"FGenerateConservativeDepthBufferCS","Global","SF_Compute","1","1267"
"FGenerateDistanceFieldAssetStreamingRequestsCS","Global","SF_Compute","1","498"
"FGenerateMin3D","Global","SF_Compute","1","514"
"FGenerateMipCS","Global","SF_Compute","1","711"
"FGenerateMips3D","Global","SF_Compute","1","394"
"FGenerateMipsCS","Global","SF_Compute","4","1586"
"FGenerateMipsIndirectCS","Global","SF_Compute","4","1586"
"FGenerateMipsPS","Global","SF_Pixel","1","316"
"FGenerateMipsVS","Global","SF_Vertex","1","278"
"FGeneratePaniniUVDisplacementCS","Global","SF_Compute","1","1194"
"FGenerateRasterTiles","Global","SF_Compute","2","1035"
"FGenerateRayMarchingTiles","Global","SF_Compute","4","9009"
"FGeometryAwareUpsamplePS","Global","SF_Pixel","1","1507"
"FGlobalDistanceFieldAccumulateUpdatedPagesCS","Global","SF_Compute","1","292"
"FGlobalDistanceFieldPageStatsCS","Global","SF_Compute","1","745"
"FGroomCacheUpdatePassCS","Global","SF_Compute","1","1212"
"FGroupShardSubFFTPassCS","Global","SF_Compute","1","1817"
"FHMDDistortionPS","Global","SF_Pixel","1","439"
"FHMDDistortionVS","Global","SF_Vertex","1","450"
"FHZBBuildCS","Global","SF_Compute","48","41216"
"FHZBBuildPS","Global","SF_Pixel","2","883"
"FHZBTestPS","Global","SF_Pixel","1","2200"
"FHairAttributeDebugCS","Global","SF_Compute","1","2966"
"FHairCardsDeformationCS","Global","SF_Compute","2","3223"
"FHairClusterAABBCS","Global","SF_Compute","2","2118"
"FHairClusterCullArgsCS","Global","SF_Compute","1","463"
"FHairClusterCullCS","Global","SF_Compute","5","6518"
"FHairCountToCoverageCS","Global","SF_Compute","2","811"
"FHairCoverageLUTCS","Global","SF_Compute","1","323"
"FHairDOFDepthPS","Global","SF_Pixel","1","512"
"FHairDebugPS","Global","SF_Pixel","1","1633"
"FHairEnvironmentAO","Global","SF_Pixel","2","5151"
"FHairEnvironmentLightingPS","Global","SF_Pixel","10","62797"
"FHairEnvironmentLightingVS","Global","SF_Vertex","1","583"
"FHairFollicleMaskPS","Global","SF_Pixel","1","502"
"FHairFollicleMaskVS","Global","SF_Vertex","2","1264"
"FHairHoldoutPS","Global","SF_Pixel","1","242"
"FHairInitMeshSamplesCS","Global","SF_Compute","2","1100"
"FHairInterpolationCS","Global","SF_Compute","96","214526"
"FHairLUTCS","Global","SF_Compute","2","3906"
"FHairLightSampleClearPS","Global","SF_Pixel","1","310"
"FHairLightSampleClearVS","Global","SF_Vertex","1","565"
"FHairMacroGroupAABBCS","Global","SF_Compute","1","1380"
"FHairMeshesInterpolateCS","Global","SF_Compute","1","655"
"FHairPatchAttributeCS","Global","SF_Compute","2","1321"
"FHairRaytracingGeometryCS","Global","SF_Compute","4","6880"
"FHairResourceTransitionPass","Global","SF_Compute","5","2477"
"FHairStrandCopyPositionCS","Global","SF_Compute","1","464"
"FHairStrandTextureClearCS","Global","SF_Compute","1","887"
"FHairStrandTextureCopyCS","Global","SF_Compute","1","333"
"FHairStrandTextureDilationCS","Global","SF_Compute","1","1182"
"FHairStrandsClearTransmittanceMaskCS","Global","SF_Compute","1","249"
"FHairStrandsDeepShadowMaskPS","Global","SF_Pixel","5","12621"
"FHairStrandsDeepShadowTransmittanceMaskCS","Global","SF_Compute","2","10353"
"FHairStrandsEmitHitProxyIdPS","Global","SF_Pixel","1","681"
"FHairStrandsEmitSelectionPS","Global","SF_Pixel","1","655"
"FHairStrandsPlotBSDFPS","Global","SF_Pixel","1","1799"
"FHairStrandsPlotSamplePS","Global","SF_Pixel","1","3235"
"FHairStrandsPositionChangedCS","Global","SF_Compute","1","1873"
"FHairStrandsShadowDepthInjectionPS","Global","SF_Pixel","1","2202"
"FHairStrandsShadowDepthInjectionVS","Global","SF_Vertex","1","931"
"FHairStrandsTextureCS","Global","SF_Compute","1","4773"
"FHairStrandsTexturePS","Global","SF_Pixel","1","418"
"FHairStrandsTextureVS","Global","SF_Vertex","1","666"
"FHairStrandsTileCopyArgsPassCS","Global","SF_Compute","1","607"
"FHairStrandsTileDebugPassPS","Global","SF_Pixel","1","455"
"FHairStrandsTileGenerationPassCS","Global","SF_Compute","2","1927"
"FHairStrandsTilePassVS","Global","SF_Vertex","1","550"
"FHairStrandsVoxelShadowMaskPS","Global","SF_Pixel","2","5788"
"FHairStrandsVoxelTransmittanceMaskCS","Global","SF_Compute","16","56778"
"FHairTangentCS","Global","SF_Compute","2","2073"
"FHairTileClearCS","Global","SF_Compute","1","423"
"FHairTranscodeCS","Global","SF_Compute","2","1545"
"FHairUpdateMeshSamplesCS","Global","SF_Compute","1","589"
"FHairUpdateMeshTriangleCS","Global","SF_Compute","4","7406"
"FHairUpdatePositionOffsetCS","Global","SF_Compute","4","1104"
"FHairVelocityCS","Global","SF_Compute","7","6645"
"FHairViewTransmittanceDepthPS","Global","SF_Pixel","2","379"
"FHairVisibilityCompactionComputeRasterCS","Global","SF_Compute","4","5370"
"FHairVisibilityComposeSamplePS","Global","SF_Pixel","2","4184"
"FHairVisibilityControlPointIdCompactionCS","Global","SF_Compute","14","19717"
"FHairVisibilityDepthPS","Global","SF_Pixel","4","2274"
"FHairVisibilityFastResolveMaskPS","Global","SF_Pixel","1","281"
"FHairVisibilityFillOpaqueDepthPS","Global","SF_Pixel","1","305"
"FHairVisibilityGBufferWritePS","Global","SF_Pixel","2","2073"
"FHardwareVideoDecodingPS","Global","SF_Pixel","1","595"
"FHardwareVideoDecodingPassThroughPS","Global","SF_Pixel","1","251"
"FHardwareVideoDecodingVS","Global","SF_Vertex","1","354"
"FHardwareVideoDecodingY416PS","Global","SF_Pixel","1","578"
"FHardwareVideoDecodingYCoCgAlphaPS","Global","SF_Pixel","1","562"
"FHardwareVideoDecodingYCoCgPS","Global","SF_Pixel","1","596"
"FHdrCustomResolve2xPS","Global","SF_Pixel","1","444"
"FHdrCustomResolve4xPS","Global","SF_Pixel","1","496"
"FHdrCustomResolve8xPS","Global","SF_Pixel","1","495"
"FHdrCustomResolveFMask2xPS","Global","SF_Pixel","1","503"
"FHdrCustomResolveFMask4xPS","Global","SF_Pixel","1","502"
"FHdrCustomResolveFMask8xPS","Global","SF_Pixel","1","503"
"FHdrCustomResolveVS","Global","SF_Vertex","1","333"
"FHeightFogVS","Global","SF_Vertex","1","422"
"FHeterogeneousVolumesCompositeCS","Global","SF_Compute","1","5027"
"FHeterogeneousVolumesFilterCS","Global","SF_Compute","3","2262"
"FHeterogeneousVolumesUpsampleCS","Global","SF_Compute","2","917"
"FHistogramAtomicCS","Global","SF_Compute","6","7443"
"FHistogramAtomicConvertCS","Global","SF_Compute","1","683"
"FHistogramCS","Global","SF_Compute","5","8531"
"FHistogramReducePS","Global","SF_Pixel","1","593"
"FHitProxyCopyPS","Global","SF_Pixel","1","417"
"FIESAtlasAddTextureCS","Global","SF_Compute","1","665"
"FIESLightProfilePS","Global","SF_Pixel","1","1221"
"FInitDynamicMeshBoundsCS","Global","SF_Compute","1","486"
"FInitIndirectArgs1DCS","Global","SF_Compute","1","375"
"FInitIndirectArgsCS","Global","SF_Compute","1","415"
"FInitPageFreeListCS","Global","SF_Compute","1","335"
"FInjectAmbientCubemapPS","Global","SF_Pixel","1","353"
"FInjectMegaLightsCS","Global","SF_Compute","4","1848"
"FInjectShadowedLocalLightPS","Global","SF_Pixel","80","412589"
"FInstanceCullingOcclusionQueryCS","Global","SF_Compute","4","16219"
"FInstanceCullingOcclusionQueryDebugPS","Global","SF_Pixel","1","335"
"FInstanceCullingOcclusionQueryDebugVS","Global","SF_Vertex","1","4017"
"FInstanceCullingOcclusionQueryPS","Global","SF_Pixel","1","257"
"FInstanceCullingOcclusionQueryVS","Global","SF_Vertex","2","3432"
"FInterpolateGroomGuidesCS","Global","SF_Compute","2","4091"
"FLUTBlenderCS","Global","SF_Compute","15","104087"
"FLUTBlenderPS","Global","SF_Pixel","15","104973"
"FLandscapeCopyTexturePS","Global","SF_Pixel","1","475"
"FLandscapeCopyTextureVS","Global","SF_Vertex","1","376"
"FLandscapeEditLayersHeightmapsGenerateMipsPS","Global","SF_Pixel","1","928"
"FLandscapeEditLayersHeightmapsGenerateNormalsPS","Global","SF_Pixel","1","2070"
"FLandscapeEditLayersHeightmapsMergeEditLayerPS","Global","SF_Pixel","1","893"
"FLandscapeEditLayersResolveLayerDataPS","Global","SF_Pixel","2","619"
"FLandscapeEditLayersWeightmapsGenerateMipsPS","Global","SF_Pixel","1","701"
"FLandscapeEditLayersWeightmapsMergeEditLayerPS","Global","SF_Pixel","1","1865"
"FLandscapeEditLayersWeightmapsPackWeightmapPS","Global","SF_Pixel","1","562"
"FLandscapeEditLayersWeightmapsPerformFinalWeightBlendingPS","Global","SF_Pixel","1","784"
"FLandscapeMergeTexturesPS","Global","SF_Pixel","2","909"
"FLandscapePackRGBAChannelsPS","Global","SF_Pixel","1","437"
"FLandscapeResampleMergedTexturePS","Global","SF_Pixel","2","1046"
"FLateZDummyPS","Global","SF_Pixel","1","187"
"FLensFlareBlurPS","Global","SF_Pixel","1","288"
"FLensFlareBlurVS","Global","SF_Vertex","1","835"
"FLensFlareCompositePS","Global","SF_Pixel","1","448"
"FLensFlareCopyBloomPS","Global","SF_Pixel","1","251"
"FLightGridFeedbackStatusCS","Global","SF_Compute","1","464"
"FLightGridInjectionCS","Global","SF_Compute","96","327545"
"FLocalFogVolumeTiledCullingCS","Global","SF_Compute","2","3102"
"FLocalFogVolumeTiledRenderPS","Global","SF_Pixel","2","4790"
"FLocalFogVolumeTiledRenderVS","Global","SF_Vertex","1","566"
"FLongGPUTaskPS","Global","SF_Pixel","1","367"
"FMarkHeightfieldPagesCS","Global","SF_Compute","1","2636"
"FMarkTopLevelGridVoxelsForFrustumGrid","Global","SF_Compute","1","846"
"FMaterialPrintInfoCS","Global","SF_Compute","1","20701"
"FMediaShadersVS","Global","SF_Vertex","1","254"
"FMemcpyCS","Global","SF_Compute","3","1308"
"FMemsetBufferCS","Global","SF_Compute","3","1176"
"FMitchellNetravaliDownsampleCS","Global","SF_Compute","2","3713"
"FMobileCubeDownsamplePS","Global","SF_Pixel","1","544"
"FModifyAlphaSwizzleRgbaPS","Global","SF_Pixel","3","759"
"FMotionBlurFilterCS","Global","SF_Compute","10","29065"
"FMotionBlurFilterTileClassifyCS","Global","SF_Compute","2","2703"
"FMotionBlurVelocityDilateGatherCS","Global","SF_Compute","2","3258"
"FMotionBlurVelocityDilateScatterPS","Global","SF_Pixel","1","176"
"FMotionBlurVelocityDilateScatterVS","Global","SF_Vertex","1","963"
"FMotionBlurVelocityFlattenCS","Global","SF_Compute","2","4245"
"FMotionBlurVisualizePS","Global","SF_Pixel","1","2941"
"FMotionVectorWorldOffsetVelocityResolveCS","Global","SF_Compute","1","1077"
"FNULLPS","Global","SF_Pixel","1","249"
"FNV12ConvertAsBytesPS","Global","SF_Pixel","1","1230"
"FNV12ConvertPS","Global","SF_Pixel","1","1104"
"FNV21ConvertPS","Global","SF_Pixel","1","726"
"FNiagaraClearAsyncGpuTraceCS","Global","SF_Compute","1","285"
"FNiagaraClearCountsIntCS","Global","SF_Compute","1","331"
"FNiagaraClearCountsIntCS_Legacy","Global","SF_Compute","1","331"
"FNiagaraClearCountsUIntCS","Global","SF_Compute","1","332"
"FNiagaraClearCountsUIntCS_Legacy","Global","SF_Compute","1","332"
"FNiagaraClearUAVCS","Global","SF_Compute","1","429"
"FNiagaraCopySVTToDenseBufferCS","Global","SF_Compute","1","572"
"FNiagaraDebugDrawLinePS","Global","SF_Pixel","1","481"
"FNiagaraDebugDrawLineVS","Global","SF_Vertex","1","701"
"FNiagaraDispatchIndirectArgsGenCS","Global","SF_Compute","1","787"
"FNiagaraDrawIndirectArgsGenCS","Global","SF_Compute","2","1178"
"FNiagaraDrawIndirectResetCountsCS","Global","SF_Compute","1","327"
"FNiagaraGenerateMipsCS","Global","SF_Compute","4","2288"
"FNiagaraInitFreeIDBufferCS","Global","SF_Compute","1","331"
"FNiagaraInstanceCountsInitCS","Global","SF_Compute","1","332"
"FNiagaraLWCTileShiftPositionsCS","Global","SF_Compute","1","649"
"FNiagaraRayMarchGlobalSdfCS","Global","SF_Compute","1","2259"
"FNiagaraRibbonAggregationApplyCS","Global","SF_Compute","6","3235"
"FNiagaraRibbonAggregationStepCS","Global","SF_Compute","9","5715"
"FNiagaraRibbonCreateIndexBufferCS","Global","SF_Compute","4","4889"
"FNiagaraRibbonCreateIndexBufferParamsCS","Global","SF_Compute","3","2937"
"FNiagaraRibbonSortPhase1CS","Global","SF_Compute","6","5014"
"FNiagaraRibbonSortPhase2CS","Global","SF_Compute","6","5591"
"FNiagaraRibbonUVParamCalculationCS","Global","SF_Compute","3","6775"
"FNiagaraRibbonVertexReductionFinalizeCS","Global","SF_Compute","6","6099"
"FNiagaraRibbonVertexReductionInitializationCS","Global","SF_Compute","9","17308"
"FNiagaraSimpleElement2DArrayAttribute","Global","SF_Pixel","1","720"
"FNiagaraSimpleElementPS","Global","SF_Pixel","1","611"
"FNiagaraSimpleElementVolumeAttribute","Global","SF_Pixel","1","915"
"FNiagaraSortKeyGenCS","Global","SF_Compute","4","5705"
"FNiagaraUpdateCollisionGroupMapCS","Global","SF_Compute","1","695"
"FNiagaraUpdateMeshGPUSceneInstancesCS","Global","SF_Compute","2","12698"
"FNiagaraVisualizeTexturePS","Global","SF_Pixel","8","9347"
"FOITPixelCombineCS","Global","SF_Compute","2","2373"
"FOITSortTriangleIndex_AllocateCS","Global","SF_Compute","1","424"
"FOITSortTriangleIndex_ScanCS","Global","SF_Compute","1","1033"
"FOITSortTriangleIndex_WriteOutCS","Global","SF_Compute","1","600"
"FObjectCullPS","Global","SF_Pixel","2","6017"
"FObjectCullVS","Global","SF_Vertex","1","653"
"FOcclusionQueryPS","Global","SF_Pixel","1","249"
"FOcclusionQueryVS","Global","SF_Vertex","1","353"
"FOculusAlphaInverseShader","Global","SF_Pixel","1","263"
"FOculusBlackShader","Global","SF_Pixel","1","249"
"FOculusCubemapPS","Global","SF_Pixel","1","547"
"FOculusVertexShader","Global","SF_Vertex","1","254"
"FOculusWhiteShader","Global","SF_Pixel","1","249"
"FOneColorPS","Global","SF_Pixel","1","187"
"FOnePassPointShadowProjectionPS1falsefalse","Global","SF_Pixel","1","1098"
"FOnePassPointShadowProjectionPS1falsetrue","Global","SF_Pixel","1","1075"
"FOnePassPointShadowProjectionPS1truefalse","Global","SF_Pixel","1","2209"
"FOnePassPointShadowProjectionPS2falsefalse","Global","SF_Pixel","1","1098"
"FOnePassPointShadowProjectionPS2falsetrue","Global","SF_Pixel","1","1075"
"FOnePassPointShadowProjectionPS2truefalse","Global","SF_Pixel","1","2209"
"FOnePassPointShadowProjectionPS3falsefalse","Global","SF_Pixel","1","1480"
"FOnePassPointShadowProjectionPS3falsetrue","Global","SF_Pixel","1","1485"
"FOnePassPointShadowProjectionPS3truefalse","Global","SF_Pixel","1","2461"
"FOnePassPointShadowProjectionPS4falsefalse","Global","SF_Pixel","1","1706"
"FOnePassPointShadowProjectionPS4falsetrue","Global","SF_Pixel","1","1671"
"FOnePassPointShadowProjectionPS4truefalse","Global","SF_Pixel","1","2540"
"FOnePassPointShadowProjectionPS5falsefalse","Global","SF_Pixel","1","2458"
"FOnePassPointShadowProjectionPS5falsetrue","Global","SF_Pixel","1","2378"
"FOnePassPointShadowProjectionPS5truefalse","Global","SF_Pixel","1","3381"
"FOpaqueRoughRefractionPS","Global","SF_Pixel","1","251"
"FP010ConvertAsUINT16sPS","Global","SF_Pixel","1","1207"
"FP010ConvertPS","Global","SF_Pixel","1","1083"
"FP010_2101010ConvertPS","Global","SF_Pixel","1","1308"
"FPackTwoForOneFFTPassCS","Global","SF_Compute","1","994"
"FPageFreeListReturnCS","Global","SF_Compute","1","323"
"FPageFreeListReturnIndirectArgBufferCS","Global","SF_Compute","1","350"
"FParticleBoundsCS","Global","SF_Compute","1","1552"
"FParticleCurveInjectionPS","Global","SF_Pixel","1","176"
"FParticleCurveInjectionVS","Global","SF_Vertex","1","446"
"FParticleInjectionVS","Global","SF_Vertex","1","662"
"FParticleSimVisualizePS","Global","SF_Pixel","1","497"
"FParticleSimVisualizeVS","Global","SF_Vertex","1","305"
"FParticleSimulationClearPS","Global","SF_Pixel","1","203"
"FParticleSortKeyGenCS","Global","SF_Compute","1","625"
"FParticleTileVS","Global","SF_Vertex","1","681"
"FPixelShaderUtils::FRasterizeToRectsVS","Global","SF_Vertex","2","1203"
"FPlanarReflectionPS","Global","SF_Pixel","1","1364"
"FPopulateCompositeDepthPS","Global","SF_Pixel","5","2681"
"FPostProcessBenchmarkPS0","Global","SF_Pixel","1","687"
"FPostProcessBenchmarkPS1","Global","SF_Pixel","1","437"
"FPostProcessBenchmarkPS2","Global","SF_Pixel","1","478"
"FPostProcessBenchmarkPS3","Global","SF_Pixel","1","268"
"FPostProcessBenchmarkPS4","Global","SF_Pixel","1","612"
"FPostProcessBenchmarkPS5","Global","SF_Pixel","1","166"
"FPostProcessBenchmarkVS0","Global","SF_Vertex","1","439"
"FPostProcessBenchmarkVS1","Global","SF_Vertex","1","330"
"FPostProcessBenchmarkVS2","Global","SF_Vertex","1","248"
"FPropagateMipDistanceCS","Global","SF_Compute","2","2510"
"FRDGMemcpyCS","Global","SF_Compute","6","2502"
"FRDGMemsetBufferCS","Global","SF_Compute","6","2242"
"FRDGScatterCopyCS","Global","SF_Compute","7","3243"
"FRGB10toYUVv210ConvertPS","Global","SF_Pixel","1","1180"
"FRGB8toUYVY8ConvertPS","Global","SF_Pixel","1","627"
"FRGB8toY8ConvertPS","Global","SF_Pixel","1","542"
"FRGBConvertPS","Global","SF_Pixel","1","1062"
"FRadixSortClearOffsetsCS","Global","SF_Compute","1","257"
"FRadixSortDownsweepCS","Global","SF_Compute","1","4015"
"FRadixSortSpineCS","Global","SF_Compute","1","1149"
"FRadixSortUpsweepCS","Global","SF_Compute","1","1233"
"FReadTextureExternalPS","Global","SF_Pixel","1","528"
"FRecomputeTangentsPerTriangleCS","Global","SF_Compute","2","3807"
"FRecomputeTangentsPerVertexCS","Global","SF_Compute","2","1639"
"FReconstructVolumetricRenderTargetPS","Global","SF_Pixel","5","6943"
"FRectAtlasAddTexturePS","Global","SF_Pixel","1","582"
"FRectAtlasCopyTexturePS","Global","SF_Pixel","1","424"
"FRectAtlasFilterTexturePS","Global","SF_Pixel","1","1178"
"FRectLightAtlasVS","Global","SF_Vertex","1","638"
"FRefineSparseVoxels","Global","SF_Compute","1","809"
"FReflectionEnvironmentSkyLightingPS","Global","SF_Pixel","382","2191909"
"FRenderCameraAerialPerspectiveVolumeCS","Global","SF_Compute","64","327089"
"FRenderComponentIdPS","Global","SF_Pixel","1","301"
"FRenderDebugSkyAtmospherePS","Global","SF_Pixel","1","3805"
"FRenderDistantSkyLightLutCS","Global","SF_Compute","2","4487"
"FRenderLightingCacheWithPreshadingCS","Global","SF_Compute","4","25706"
"FRenderMultiScatteredLuminanceLutCS","Global","SF_Compute","2","5174"
"FRenderRealTimeReflectionHeightFogPS","Global","SF_Pixel","2","3608"
"FRenderRealTimeReflectionHeightFogVS","Global","SF_Vertex","1","454"
"FRenderSingleScatteringWithPreshadingCS","Global","SF_Compute","30","288835"
"FRenderSkyAtmospherePS","Global","SF_Pixel","69","340883"
"FRenderSkyAtmosphereVS","Global","SF_Vertex","1","327"
"FRenderSkyViewLutCS","Global","SF_Compute","32","141677"
"FRenderTransmittanceLutCS","Global","SF_Compute","1","1238"
"FRenderTransmittanceWithVoxelGridCS","Global","SF_Compute","9","25960"
"FRenderVolumetricShadowMapForLightWithVoxelGridCS","Global","SF_Compute","2","7312"
"FRenderVolumetricShadowMaskCS","Global","SF_Compute","2","7595"
"FReorderFFTPassCS","Global","SF_Compute","1","1136"
"FRescaleVariableRateShadingCS","Global","SF_Compute","1","1181"
"FResetPhysicsFieldClipmapCS","Global","SF_Compute","1","965"
"FResolveDepth2XPS","Global","SF_Pixel","1","319"
"FResolveDepth4XPS","Global","SF_Pixel","1","390"
"FResolveDepth8XPS","Global","SF_Pixel","1","391"
"FResolveDepthPS","Global","SF_Pixel","1","402"
"FResolveSingleSamplePS","Global","SF_Pixel","1","304"
"FResolveVS","Global","SF_Vertex","1","397"
"FSMAABlendingWeightCalculationPS","Global","SF_Pixel","3","6378"
"FSMAABlendingWeightCalculationVS","Global","SF_Vertex","4","2314"
"FSMAADebugVisualizationPS","Global","SF_Pixel","1","540"
"FSMAADebugVisualizationVS","Global","SF_Vertex","1","468"
"FSMAAEdgeDetectionPS","Global","SF_Pixel","3","2790"
"FSMAAEdgeDetectionVS","Global","SF_Vertex","1","504"
"FSMAANeighborhoodBlendingPS","Global","SF_Pixel","2","1317"
"FSMAANeighborhoodBlendingVS","Global","SF_Vertex","1","468"
"FSSDCompressMetadataCS","Global","SF_Compute","2","1572"
"FSSDSpatialAccumulationCS","Global","SF_Compute","1","3100"
"FSSDTemporalAccumulationCS","Global","SF_Compute","1","3704"
"FSSRTDiffuseTileClassificationCS","Global","SF_Compute","1","1637"
"FSSRTPrevFrameReductionCS","Global","SF_Compute","4","8124"
"FSSRTileCategorisationMarkCS","Global","SF_Compute","2","1698"
"FSSRTileClassificationBuildListsCS","Global","SF_Compute","1","850"
"FSSSTileCategorisationMarkCS","Global","SF_Compute","2","4256"
"FSSSTileClassificationBuildListsCS","Global","SF_Compute","1","769"
"FScatterCopyCS","Global","SF_Compute","4","1869"
"FScatterUploadDistanceFieldAtlasCS","Global","SF_Compute","1","495"
"FScatterUploadDistanceFieldIndirectionAtlasCS","Global","SF_Compute","1","378"
"FSceneCapturePS","Global","SF_Pixel","7","3182"
"FScreenPS","Global","SF_Pixel","1","251"
"FScreenPSArraySlice","Global","SF_Pixel","1","305"
"FScreenPSInvertAlpha","Global","SF_Pixel","1","292"
"FScreenPSMipLevel","Global","SF_Pixel","1","297"
"FScreenPS_OSE","Global","SF_Pixel","1","251"
"FScreenPSsRGBSource","Global","SF_Pixel","1","323"
"FScreenPSsRGBSourceMipLevel","Global","SF_Pixel","1","365"
"FScreenPassVS","Global","SF_Vertex","1","461"
"FScreenSpaceCastStandaloneRayCS","Global","SF_Compute","4","12217"
"FScreenSpaceReflectionsCS","Global","SF_Compute","10","27101"
"FScreenSpaceReflectionsPS","Global","SF_Pixel","10","26586"
"FScreenSpaceReflectionsStencilPS","Global","SF_Pixel","2","1108"
"FScreenSpaceReflectionsTileVS","Global","SF_Vertex","1","550"
"FScreenSpaceShadowsBendCS","Global","SF_Compute","3","18333"
"FScreenSpaceShadowsCS","Global","SF_Compute","1","1816"
"FScreenSpaceShadowsUpsamplePS","Global","SF_Pixel","2","1400"
"FScreenTileClassificationCS","Global","SF_Compute","1","1324"
"FScreenVS","Global","SF_Vertex","1","441"
"FScreenVertexShaderVS","Global","SF_Vertex","1","225"
"FScrollingShadowMaps2DPS","Global","SF_Pixel","1","401"
"FSelectionOutlinePS","Global","SF_Pixel","8","24059"
"FSetRasterizeBottomLevelGridIndirectArgs","Global","SF_Compute","1","424"
"FSetupExposureIlluminanceCS","Global","SF_Compute","1","393"
"FSetupLogLuminanceCS","Global","SF_Compute","1","380"
"FSetupMotionBlurFilterCS","Global","SF_Compute","1","318"
"FShader_VirtualTextureCompress_CS< ERuntimeVirtualTextureMaterialType::BaseColor >","Global","SF_Compute","4","6909"
"FShader_VirtualTextureCompress_CS< ERuntimeVirtualTextureMaterialType::BaseColor_Normal_Roughness >","Global","SF_Compute","4","9806"
"FShader_VirtualTextureCompress_CS< ERuntimeVirtualTextureMaterialType::BaseColor_Normal_Specular >","Global","SF_Compute","4","13191"
"FShader_VirtualTextureCompress_CS< ERuntimeVirtualTextureMaterialType::BaseColor_Normal_Specular_Mask_YCoCg >","Global","SF_Compute","4","18703"
"FShader_VirtualTextureCompress_CS< ERuntimeVirtualTextureMaterialType::BaseColor_Normal_Specular_YCoCg >","Global","SF_Compute","4","17107"
"FShader_VirtualTextureCompress_CS< ERuntimeVirtualTextureMaterialType::Displacement >","Global","SF_Compute","4","4940"
"FShader_VirtualTextureCompress_CS< ERuntimeVirtualTextureMaterialType::Mask4 >","Global","SF_Compute","4","9564"
"FShader_VirtualTextureCopy_PS< ERuntimeVirtualTextureMaterialType::BaseColor >","Global","SF_Pixel","1","289"
"FShader_VirtualTextureCopy_PS< ERuntimeVirtualTextureMaterialType::BaseColor_Normal_Specular >","Global","SF_Pixel","1","391"
"FShader_VirtualTextureCopy_PS< ERuntimeVirtualTextureMaterialType::BaseColor_Normal_Specular_Mask_YCoCg >","Global","SF_Pixel","1","505"
"FShader_VirtualTextureCopy_PS< ERuntimeVirtualTextureMaterialType::BaseColor_Normal_Specular_YCoCg >","Global","SF_Pixel","1","509"
"FShader_VirtualTextureCopy_PS< ERuntimeVirtualTextureMaterialType::Mask4 >","Global","SF_Pixel","1","347"
"FShader_VirtualTextureCopy_PS< ERuntimeVirtualTextureMaterialType::WorldHeight >","Global","SF_Pixel","1","289"
"FShader_VirtualTextureCopy_VS","Global","SF_Vertex","1","376"
"FShadowObjectCullPS","Global","SF_Pixel","6","10494"
"FShadowObjectCullVS","Global","SF_Vertex","2","1617"
"FShadowProjectionNoTransformVS","Global","SF_Vertex","1","195"
"FShadowProjectionPS1falsefalsefalse","Global","SF_Pixel","1","1386"
"FShadowProjectionPS1falsefalsetrue","Global","SF_Pixel","1","803"
"FShadowProjectionPS1falsetruefalse","Global","SF_Pixel","1","2424"
"FShadowProjectionPS1truefalsefalse","Global","SF_Pixel","1","1440"
"FShadowProjectionPS1truetruefalse","Global","SF_Pixel","1","2457"
"FShadowProjectionPS2falsefalsefalse","Global","SF_Pixel","1","1602"
"FShadowProjectionPS2falsefalsetrue","Global","SF_Pixel","1","924"
"FShadowProjectionPS2falsetruefalse","Global","SF_Pixel","1","2649"
"FShadowProjectionPS2truefalsefalse","Global","SF_Pixel","1","1644"
"FShadowProjectionPS2truetruefalse","Global","SF_Pixel","1","2675"
"FShadowProjectionPS3falsefalsefalse","Global","SF_Pixel","1","1895"
"FShadowProjectionPS3falsefalsetrue","Global","SF_Pixel","1","1095"
"FShadowProjectionPS3falsetruefalse","Global","SF_Pixel","1","2987"
"FShadowProjectionPS3truefalsefalse","Global","SF_Pixel","1","1913"
"FShadowProjectionPS3truetruefalse","Global","SF_Pixel","1","3024"
"FShadowProjectionPS4falsefalsefalse","Global","SF_Pixel","1","2134"
"FShadowProjectionPS4falsefalsetrue","Global","SF_Pixel","1","1180"
"FShadowProjectionPS4falsetruefalse","Global","SF_Pixel","1","3222"
"FShadowProjectionPS4truefalsefalse","Global","SF_Pixel","1","2298"
"FShadowProjectionPS4truetruefalse","Global","SF_Pixel","1","3072"
"FShadowProjectionPS5falsefalsefalse","Global","SF_Pixel","1","2134"
"FShadowProjectionPS5falsefalsetrue","Global","SF_Pixel","1","1180"
"FShadowProjectionPS5falsetruefalse","Global","SF_Pixel","1","3222"
"FShadowProjectionPS5truefalsefalse","Global","SF_Pixel","1","2298"
"FShadowProjectionPS5truetruefalse","Global","SF_Pixel","1","3072"
"FShadowTileVS","Global","SF_Vertex","2","1094"
"FShadowVolumeBoundProjectionVS","Global","SF_Vertex","1","416"
"FSimpleElementAlphaOnlyPS","Global","SF_Pixel","1","356"
"FSimpleElementColorChannelMaskPS","Global","SF_Pixel","1","461"
"FSimpleElementDistanceFieldGammaPS","Global","SF_Pixel","1","1135"
"FSimpleElementGammaAlphaOnlyPS","Global","SF_Pixel","1","564"
"FSimpleElementGammaPS_Linear","Global","SF_Pixel","1","635"
"FSimpleElementGammaPS_SRGB","Global","SF_Pixel","1","635"
"FSimpleElementHitProxyPS","Global","SF_Pixel","1","333"
"FSimpleElementMaskedGammaPS_Linear","Global","SF_Pixel","1","660"
"FSimpleElementMaskedGammaPS_SRGB","Global","SF_Pixel","1","660"
"FSimpleElementNormalMapPS","Global","SF_Pixel","1","402"
"FSimpleElementPS","Global","SF_Pixel","1","477"
"FSimpleElementTexture2DPreviewPS","Global","SF_Pixel","3","3801"
"FSimpleElementVS","Global","SF_Vertex","1","517"
"FSimpleLightTranslucentLightingInjectPS","Global","SF_Pixel","1","937"
"FSimulationShaderDefaultCS","Global","SF_Compute","1","14056"
"FSingleLayerWaterCompositePS","Global","SF_Pixel","4","10082"
"FSingleLayerWaterRefractionCullingPS","Global","SF_Pixel","2","823"
"FSingleLayerWaterRefractionMaskPS","Global","SF_Pixel","1","1147"
"FSkinUpdateCS","Global","SF_Compute","18","25003"
"FSlateDebugBatchingPS","Global","SF_Pixel","1","280"
"FSlateDebugOverdrawPS","Global","SF_Pixel","1","269"
"FSlateElementVS","Global","SF_Vertex","1","657"
"FSlateMaskingPS","Global","SF_Pixel","1","182"
"FSlateMaskingVS","Global","SF_Vertex","1","359"
"FSlatePostProcessBlurPS","Global","SF_Pixel","1","782"
"FSlatePostProcessColorDeficiencyPS","Global","SF_Pixel","1","2004"
"FSlatePostProcessDirectResamplePS","Global","SF_Pixel","1","309"
"FSlatePostProcessOptimizedKawaseUpsamplePS","Global","SF_Pixel","1","577"
"FSlatePostProcessResample2x2PS","Global","SF_Pixel","1","494"
"FSlatePostProcessUpsamplePS","Global","SF_Pixel","3","2923"
"FSparseVolumeTextureUpdateFromSparseBufferCS","Global","SF_Compute","3","2914"
"FSparseVolumeTextureUpdatePageTableCS","Global","SF_Compute","1","414"
"FSpecularProfileConvolveCS","Global","SF_Compute","2","2596"
"FSpecularProfileCopyCS","Global","SF_Compute","2","911"
"FSplineMeshTextureFillCS","Global","SF_Compute","1","2073"
"FStereoLayerPS","Global","SF_Pixel","1","314"
"FStereoLayerPS_External","Global","SF_Pixel","1","314"
"FStereoLayerVS","Global","SF_Vertex","1","443"
"FSubstrateDBufferPassPS","Global","SF_Pixel","1","465"
"FSubstrateMaterialStencilTaggingPassPS","Global","SF_Pixel","1","431"
"FSubstrateMaterialTileClassificationPassCS","Global","SF_Compute","1","1082"
"FSubstrateMaterialTilePrepareArgsPassCS","Global","SF_Compute","1","350"
"FSubstrateSystemInfoCS","Global","SF_Compute","1","927"
"FSubstrateTilePassVS","Global","SF_Vertex","4","2689"
"FSubsurfaceBuildIndirectDispatchArgsCS","Global","SF_Compute","1","529"
"FSubsurfaceIndirectDispatchCS","Global","SF_Compute","35","89336"
"FSubsurfaceIndirectDispatchSetupCS","Global","SF_Compute","39","62055"
"FSubsurfaceInitValueBufferCS","Global","SF_Compute","1","242"
"FSubsurfaceRecombineCopyPS","Global","SF_Pixel","1","254"
"FSubsurfaceRecombinePS","Global","SF_Pixel","9","10548"
"FSubsurfaceSRVResolvePS","Global","SF_Pixel","1","229"
"FSubsurfaceTileBuildIndirectDispatchArgsCS","Global","SF_Compute","1","493"
"FSubsurfaceTileFallbackScreenPassVS","Global","SF_Vertex","1","439"
"FSubsurfaceTilePassVS","Global","SF_Vertex","1","596"
"FSubsurfaceViewportCopyPS","Global","SF_Pixel","1","229"
"FSubsurfaceVisualizePS","Global","SF_Pixel","1","1612"
"FTSRClearPrevTexturesCS","Global","SF_Compute","1","612"
"FTSRDecimateHistoryCS","Global","SF_Compute","16","80904"
"FTSRDetectThinGeometryCS","Global","SF_Compute","4","8566"
"FTSRDilateVelocityCS","Global","SF_Compute","6","47305"
"FTSRMeasureFlickeringLumaCS","Global","SF_Compute","1","851"
"FTSRMeasureThinGeometryCoverageCS","Global","SF_Compute","3","2689"
"FTSRRejectShadingCS","Global","SF_Compute","12","84241"
"FTSRResolveHistoryCS","Global","SF_Compute","2","2986"
"FTSRSpatialAntiAliasingCS","Global","SF_Compute","2","5247"
"FTSRTSRWeightRelaxationCS","Global","SF_Compute","2","2190"
"FTSRUpdateHistoryCS","Global","SF_Compute","6","35021"
"FTSRVisualizeCS","Global","SF_Compute","1","4052"
"FTemporalAACS","Global","SF_Compute","63","202144"
"FTemporalUpsampleDepthPS","Global","SF_Pixel","1","1374"
"FTestImagePS","Global","SF_Pixel","1","2246"
"FTonemapCS","Global","SF_Compute","124","249062"
"FTonemapPS","Global","SF_Pixel","124","244317"
"FTonemapVS","Global","SF_Vertex","1","677"
"FTopLevelCreateBitmaskCS","Global","SF_Compute","1","810"
"FTopLevelGridCalculateVoxelSize","Global","SF_Compute","1","1665"
"FTransferVelocityPassCS","Global","SF_Compute","1","341"
"FTranslucencyUpsampleResponsiveAAPS","Global","SF_Pixel","1","410"
"FTranslucentLightingInjectBatchCS","Global","SF_Compute","8","25278"
"FUYVYConvertPS","Global","SF_Pixel","1","714"
"FUpdateHistoryDepthRejectionPS","Global","SF_Pixel","1","1956"
"FUpdateSampleCoverageCS","Global","SF_Compute","1","676"
"FUpdateTexture2DSubresourceCS_Float","Global","SF_Compute","1","343"
"FUpdateTexture2DSubresourceCS_Int32","Global","SF_Compute","1","343"
"FUpdateTexture2DSubresourceCS_Uint32","Global","SF_Compute","1","343"
"FUpdateTexture3DSubresourceCS","Global","SF_Compute","1","428"
"FUploadHeightFieldToAtlasCS","Global","SF_Compute","1","383"
"FUploadVisibilityToAtlasCS","Global","SF_Compute","1","401"
"FUpscaleCS","Global","SF_Compute","120","202936"
"FUpscalePS","Global","SF_Pixel","16","13344"
"FUpscaleVS","Global","SF_Vertex","1","561"
"FVYUConvertPS","Global","SF_Pixel","1","1083"
"FViewDepthCopyCS","Global","SF_Compute","1","271"
"FVirtualVoxelGenerateMipCS","Global","SF_Compute","2","4025"
"FVirtualVoxelIndirectArgMipCS","Global","SF_Compute","1","385"
"FVirtualVoxelInjectOpaqueCS","Global","SF_Compute","1","1478"
"FVisiblityRasterClassificationCS","Global","SF_Compute","2","1498"
"FVisiblityRasterComputeBinningCS","Global","SF_Compute","3","8399"
"FVisiblityRasterComputeCompactionCS","Global","SF_Compute","1","1046"
"FVisiblityRasterComputeDebugCS","Global","SF_Compute","1","3850"
"FVisiblityRasterComputeNaiveCS","Global","SF_Compute","3","7183"
"FVisiblityRasterComputePrepareDepthGridCS","Global","SF_Compute","1","584"
"FVisiblityRasterComputeRasterizeCS","Global","SF_Compute","1","3145"
"FVisiblityRasterComputeRasterizeMultiSampleCS","Global","SF_Compute","4","22585"
"FVisiblityRasterHWPS","Global","SF_Pixel","1","500"
"FVisiblityRasterHWVS","Global","SF_Vertex","3","4080"
"FVisualizeBufferPS","Global","SF_Pixel","1","677"
"FVisualizeCascadesCS","Global","SF_Compute","1","845"
"FVisualizeComplexityApplyPS","Global","SF_Pixel","2","5357"
"FVisualizeDOFPS","Global","SF_Pixel","1","741"
"FVisualizeDistanceFieldUpsamplePS","Global","SF_Pixel","1","263"
"FVisualizeGBufferHintsPS","Global","SF_Pixel","1","2562"
"FVisualizeHDRPS","Global","SF_Pixel","1","15475"
"FVisualizeLevelInstancePS","Global","SF_Pixel","4","5331"
"FVisualizeLocalExposurePS","Global","SF_Pixel","2","2975"
"FVisualizeMaterialCountPS","Global","SF_Pixel","1","5479"
"FVisualizeMeshDistanceFieldCS","Global","SF_Compute","9","35436"
"FVisualizeMotionVectorsPS","Global","SF_Pixel","1","1126"
"FVisualizeNanitePS","Global","SF_Pixel","1","677"
"FVisualizeShadingModelPS","Global","SF_Pixel","1","1113"
"FVisualizeTexturePS","Global","SF_Pixel","8","7368"
"FVisualizeTiledScreenSpaceReflectionsPS","Global","SF_Pixel","10","25581"
"FVisualizeTiledScreenSpaceReflectionsVS","Global","SF_Vertex","1","550"
"FVisualizeTranslucencyVolumePS","Global","SF_Pixel","1","744"
"FVisualizeTranslucencyVolumeVS","Global","SF_Vertex","1","669"
"FVisualizeVirtualTextureApplyPS","Global","SF_Pixel","1","637"
"FVisualizeVolumetricLightmapPS","Global","SF_Pixel","1","1290"
"FVisualizeVolumetricLightmapVS","Global","SF_Vertex","1","1210"
"FVolumeTextureTilePreviewPS","Global","SF_Pixel","1","873"
"FVolumeTextureTracePreviewPS","Global","SF_Pixel","1","1434"
"FVolumetricFogFinalIntegrationCS","Global","SF_Compute","1","958"
"FVolumetricFogLightScatteringCS","Global","SF_Compute","120","876356"
"FVolumetricFogMaterialSetupCS","Global","SF_Compute","4","5974"
"FVoxelAdaptiveFeedbackCS","Global","SF_Compute","1","540"
"FVoxelAddIndirectBufferCS","Global","SF_Compute","1","560"
"FVoxelAddNodeDescCS","Global","SF_Compute","2","1056"
"FVoxelAllocatePageIndexCS","Global","SF_Compute","1","1426"
"FVoxelAllocateVoxelPageCS","Global","SF_Compute","2","1421"
"FVoxelIndPageClearCS","Global","SF_Compute","1","444"
"FVoxelMarkValidPageIndex_PrepareCS","Global","SF_Compute","2","2082"
"FVoxelRasterComputeCS","Global","SF_Compute","2","3287"
"FWaterInfoTextureBlurPS","Global","SF_Pixel","1","629"
"FWaterInfoTextureMergePS","Global","SF_Pixel","1","923"
"FWaterRefractionCopyPS","Global","SF_Pixel","6","2127"
"FWaterTileCategorisationMarkCS","Global","SF_Compute","2","1449"
"FWaterTileClassificationBuildListsCS","Global","SF_Compute","6","6906"
"FWaterTileVS","Global","SF_Vertex","1","550"
"FWholeSceneDirectionalShadowStencilVS","Global","SF_Vertex","1","419"
"FWideCustomResolve0_1x_falsePS","Global","SF_Pixel","1","312"
"FWideCustomResolve0_1x_truePS","Global","SF_Pixel","1","312"
"FWideCustomResolve2_0x_falsePS","Global","SF_Pixel","1","407"
"FWideCustomResolve2_0x_truePS","Global","SF_Pixel","1","407"
"FWideCustomResolve2_1x_falsePS","Global","SF_Pixel","1","656"
"FWideCustomResolve2_1x_truePS","Global","SF_Pixel","1","656"
"FWideCustomResolve2_2x_falsePS","Global","SF_Pixel","1","720"
"FWideCustomResolve2_2x_truePS","Global","SF_Pixel","1","720"
"FWideCustomResolve2_3x_falsePS","Global","SF_Pixel","1","719"
"FWideCustomResolve2_3x_truePS","Global","SF_Pixel","1","719"
"FWideCustomResolve4_0x_falsePS","Global","SF_Pixel","1","407"
"FWideCustomResolve4_0x_truePS","Global","SF_Pixel","1","407"
"FWideCustomResolve4_1x_falsePS","Global","SF_Pixel","1","806"
"FWideCustomResolve4_1x_truePS","Global","SF_Pixel","1","806"
"FWideCustomResolve4_2x_falsePS","Global","SF_Pixel","1","984"
"FWideCustomResolve4_2x_truePS","Global","SF_Pixel","1","984"
"FWideCustomResolve4_3x_falsePS","Global","SF_Pixel","1","1096"
"FWideCustomResolve4_3x_truePS","Global","SF_Pixel","1","1096"
"FWideCustomResolve8_0x_falsePS","Global","SF_Pixel","1","407"
"FWideCustomResolve8_0x_truePS","Global","SF_Pixel","1","407"
"FWideCustomResolve8_1x_falsePS","Global","SF_Pixel","1","1222"
"FWideCustomResolve8_1x_truePS","Global","SF_Pixel","1","1222"
"FWideCustomResolve8_2x_falsePS","Global","SF_Pixel","1","1370"
"FWideCustomResolve8_2x_truePS","Global","SF_Pixel","1","1370"
"FWideCustomResolve8_3x_falsePS","Global","SF_Pixel","1","1470"
"FWideCustomResolve8_3x_truePS","Global","SF_Pixel","1","1470"
"FWideCustomResolveVS","Global","SF_Vertex","1","290"
"FWriteToBoundingSphereVS","Global","SF_Vertex","1","619"
"FWriteToSliceGS","Global","SF_Geometry","1","407"
"FWriteToSliceVS","Global","SF_Vertex","1","358"
"FYCbCrConvertPS","Global","SF_Pixel","1","612"
"FYCbCrConvertPS_4x4Matrix","Global","SF_Pixel","1","573"
"FYCoCgConvertPS","Global","SF_Pixel","1","1148"
"FYUVConvertPS","Global","SF_Pixel","1","656"
"FYUVY416ConvertPS","Global","SF_Pixel","1","1104"
"FYUVv210ConvertPS","Global","SF_Pixel","1","1247"
"FYUVv216ConvertPS","Global","SF_Pixel","1","1260"
"FYUY2ConvertPS","Global","SF_Pixel","1","738"
"FYVYUConvertPS","Global","SF_Pixel","1","716"
"NiagaraComputeFreeIDsCS","Global","SF_Compute","1","824"
"NiagaraFillIntBufferCS","Global","SF_Compute","1","239"
"RenderSkyAtmosphereEditorHudPS","Global","SF_Pixel","1","5635"
"TCopyDataCS<1>","Global","SF_Compute","1","211"
"TCopyDataCS<2>","Global","SF_Compute","1","291"
"TDirectionalPercentageCloserShadowProjectionPS5false","Global","SF_Pixel","1","3631"
"TDirectionalPercentageCloserShadowProjectionPS5true","Global","SF_Pixel","1","3594"
"TMeshPaintDilatePixelShader","Global","SF_Pixel","1","1173"
"TMeshPaintDilateVertexShader","Global","SF_Vertex","1","389"
"TMeshPaintPixelShader","Global","SF_Pixel","5","4117"
"TMeshPaintVertexShader","Global","SF_Vertex","1","389"
"TOneColorPixelShaderMRT","Global","SF_Pixel","43","12329"
"TOneColorVSfalsefalse","Global","SF_Vertex","1","382"
"TOneColorVSfalsetrue","Global","SF_Vertex","1","382"
"TOneColorVStruefalse","Global","SF_Vertex","1","237"
"TOneColorVStruetrue","Global","SF_Vertex","1","237"
"TPageTableUpdatePS<PF_R16G16B16A16_UINT>","Global","SF_Pixel","1","176"
"TPageTableUpdatePS<PF_R16G16_UINT>","Global","SF_Pixel","1","178"
"TPageTableUpdatePS<PF_R16_UINT>","Global","SF_Pixel","1","178"
"TPageTableUpdatePS<PF_R32G32B32A32_UINT>","Global","SF_Pixel","1","176"
"TPageTableUpdatePS<PF_R32G32_UINT>","Global","SF_Pixel","1","178"
"TPageTableUpdatePS<PF_R32_UINT>","Global","SF_Pixel","1","178"
"TPageTableUpdateVS<false>","Global","SF_Vertex","1","812"
"TPageTableUpdateVS<true>","Global","SF_Vertex","1","811"
"TParticleInjectionPS<false>","Global","SF_Pixel","1","266"
"TParticleInjectionPS<true>","Global","SF_Pixel","1","250"
"TParticleSimulationPS<PCM_DepthBuffer>","Global","SF_Pixel","1","2628"
"TParticleSimulationPS<PCM_DistanceField>","Global","SF_Pixel","1","3088"
"TParticleSimulationPS<PCM_None>","Global","SF_Pixel","1","1500"
"TPrefilterPlanarReflectionPS<false>","Global","SF_Pixel","1","402"
"TPrefilterPlanarReflectionPS<true>","Global","SF_Pixel","1","1530"
"TScreenVSForGS<false>","Global","SF_Vertex","1","441"
"TScreenVSForGS<true>","Global","SF_Vertex","1","529"
"TShadowProjectionFromTranslucencyPS<1>","Global","SF_Pixel","1","982"
"TShadowProjectionFromTranslucencyPS<2>","Global","SF_Pixel","1","982"
"TShadowProjectionFromTranslucencyPS<3>","Global","SF_Pixel","1","982"
"TShadowProjectionFromTranslucencyPS<4>","Global","SF_Pixel","1","982"
"TShadowProjectionFromTranslucencyPS<5>","Global","SF_Pixel","1","982"
"TSlateElementPSBorderfalsefalsefalsefalseA","Global","SF_Pixel","1","836"
"TSlateElementPSBorderfalsetruefalsefalseA","Global","SF_Pixel","1","815"
"TSlateElementPSBordertruefalsefalsefalseA","Global","SF_Pixel","1","835"
"TSlateElementPSBordertruetruefalsefalseA","Global","SF_Pixel","1","837"
"TSlateElementPSColorFontfalsetruefalsefalseA","Global","SF_Pixel","1","666"
"TSlateElementPSColorFonttruetruefalsefalseA","Global","SF_Pixel","1","680"
"TSlateElementPSDefaultfalsefalsefalsefalseA","Global","SF_Pixel","1","679"
"TSlateElementPSDefaultfalsefalsefalsetrueA","Global","SF_Pixel","1","1755"
"TSlateElementPSDefaultfalsefalsetruefalseA","Global","SF_Pixel","1","684"
"TSlateElementPSDefaultfalsefalsetruetrueA","Global","SF_Pixel","1","1736"
"TSlateElementPSDefaultfalsetruefalsefalseA","Global","SF_Pixel","1","671"
"TSlateElementPSDefaultfalsetruefalsetrueA","Global","SF_Pixel","1","1771"
"TSlateElementPSDefaultfalsetruetruefalseA","Global","SF_Pixel","1","683"
"TSlateElementPSDefaultfalsetruetruetrueA","Global","SF_Pixel","1","1724"
"TSlateElementPSDefaulttruefalsefalsefalseA","Global","SF_Pixel","1","675"
"TSlateElementPSDefaulttruefalsefalsetrueA","Global","SF_Pixel","1","1756"
"TSlateElementPSDefaulttruefalsetruefalseA","Global","SF_Pixel","1","691"
"TSlateElementPSDefaulttruefalsetruetrueA","Global","SF_Pixel","1","1738"
"TSlateElementPSDefaulttruetruefalsefalseA","Global","SF_Pixel","1","685"
"TSlateElementPSDefaulttruetruefalsetrueA","Global","SF_Pixel","1","1783"
"TSlateElementPSDefaulttruetruetruefalseA","Global","SF_Pixel","1","694"
"TSlateElementPSDefaulttruetruetruetrueA","Global","SF_Pixel","1","1737"
"TSlateElementPSGrayscaleFontfalsetruefalsefalseA","Global","SF_Pixel","1","669"
"TSlateElementPSGrayscaleFonttruetruefalsefalseA","Global","SF_Pixel","1","680"
"TSlateElementPSLineSegmentfalsetruefalsefalseA","Global","SF_Pixel","1","833"
"TSlateElementPSLineSegmenttruetruefalsefalseA","Global","SF_Pixel","1","841"
"TSlateElementPSMsdfFontfalsetruefalsefalseA","Global","SF_Pixel","1","785"
"TSlateElementPSMsdfFonttruetruefalsefalseA","Global","SF_Pixel","1","791"
"TSlateElementPSRoundedBoxfalsetruefalsefalseA","Global","SF_Pixel","1","1200"
"TSlateElementPSRoundedBoxtruetruefalsefalseA","Global","SF_Pixel","1","1217"
"TSlateElementPSSdfFontfalsetruefalsefalseA","Global","SF_Pixel","1","756"
"TSlateElementPSSdfFonttruetruefalsefalseA","Global","SF_Pixel","1","768"
"TSpotPercentageCloserShadowProjectionPS5false","Global","SF_Pixel","1","3724"
"TSpotPercentageCloserShadowProjectionPS5true","Global","SF_Pixel","1","3751"
"FDeferredDecalAmbientOcclusionPS","Material","SF_Pixel","1","685"
"FDeferredDecalEmissivePS","Material","SF_Pixel","1","732"
"FDeferredDecalPS","Material","SF_Pixel","1","702"
"FLightFunctionAtlasSlotPS","Material","SF_Pixel","2","869"
"FLightFunctionPS","Material","SF_Pixel","2","2217"
"FLightFunctionVS","Material","SF_Vertex","1","353"
"FPostProcessMaterialPS","Material","SF_Pixel","4","3194"
"FPostProcessMaterialVS","Material","SF_Vertex","2","732"
"FTranslucentLightingInjectPS","Material","SF_Pixel","40","187178"
"FVolumetricFogLightFunctionPS","Material","SF_Pixel","8","7841"
"FAnisotropyPS","MeshMaterial","SF_Pixel","4","7508"
"FAnisotropyVS","MeshMaterial","SF_Vertex","4","9342"
"FCloudRenderViewPS000","MeshMaterial","SF_Pixel","1","7538"
"FCloudRenderViewPS001","MeshMaterial","SF_Pixel","1","8074"
"FCloudRenderViewPS010","MeshMaterial","SF_Pixel","1","9381"
"FCloudRenderViewPS011","MeshMaterial","SF_Pixel","1","9741"
"FCloudRenderViewPS100","MeshMaterial","SF_Pixel","1","7852"
"FCloudRenderViewPS101","MeshMaterial","SF_Pixel","1","8528"
"FCloudRenderViewPS110","MeshMaterial","SF_Pixel","1","9670"
"FCloudRenderViewPS111","MeshMaterial","SF_Pixel","1","10228"
"FDeepShadowDepthMeshPS","MeshMaterial","SF_Pixel","1","205"
"FDeepShadowDepthMeshVS","MeshMaterial","SF_Vertex","1","1751"
"FDeepShadowDomMeshPS","MeshMaterial","SF_Pixel","1","467"
"FDeepShadowDomMeshVS","MeshMaterial","SF_Vertex","1","1976"
"FDepthOnlyPS","MeshMaterial","SF_Pixel","20","12735"
"FHairMaterialPS","MeshMaterial","SF_Pixel","2","8351"
"FHairMaterialVS","MeshMaterial","SF_Vertex","1","916"
"FHairVisibilityPS<HairVisibilityRenderMode_MSAA_Visibility>","MeshMaterial","SF_Pixel","1","280"
"FHairVisibilityPS<HairVisibilityRenderMode_PPLL>","MeshMaterial","SF_Pixel","1","841"
"FHairVisibilityPS<HairVisibilityRenderMode_Transmittance>","MeshMaterial","SF_Pixel","1","619"
"FHairVisibilityPS<HairVisibilityRenderMode_TransmittanceAndHairCount>","MeshMaterial","SF_Pixel","1","648"
"FHitProxyPS","MeshMaterial","SF_Pixel","52","25357"
"FHitProxyVS","MeshMaterial","SF_Vertex","64","178480"
"FLandscapePhysicalMaterialPS","MeshMaterial","SF_Pixel","1","259"
"FLandscapePhysicalMaterialVS","MeshMaterial","SF_Vertex","1","2090"
"FLumenTranslucencyRadianceCacheMarkPS","MeshMaterial","SF_Pixel","11","24554"
"FLumenTranslucencyRadianceCacheMarkVS","MeshMaterial","SF_Vertex","18","46526"
"FMeshDecalsAmbientOcclusionPS","MeshMaterial","SF_Pixel","1","342"
"FMeshDecalsEmissivePS","MeshMaterial","SF_Pixel","1","530"
"FMeshDecalsPS","MeshMaterial","SF_Pixel","1","405"
"FMeshDecalsVS","MeshMaterial","SF_Vertex","3","8045"
"FRenderVolumetricCloudEmptySpaceSkippingCS","MeshMaterial","SF_Compute","1","164"
"FRenderVolumetricCloudRenderViewCS","MeshMaterial","SF_Compute","64","767514"
"FRenderVolumetricCloudVS","MeshMaterial","SF_Vertex","1","195"
"FVolumetricCloudShadowPS","MeshMaterial","SF_Pixel","1","2894"
"TBasePassPSFNoLightMapPolicy","MeshMaterial","SF_Pixel","153","489019"
"TBasePassPSFNoLightMapPolicySkylight","MeshMaterial","SF_Pixel","112","450250"
"TBasePassPSFSelfShadowedTranslucencyPolicy","MeshMaterial","SF_Pixel","13","134201"
"TBasePassPSFSelfShadowedTranslucencyPolicySkylight","MeshMaterial","SF_Pixel","13","135046"
"TBasePassVSFNoLightMapPolicy","MeshMaterial","SF_Vertex","86","265689"
"TBasePassVSFSelfShadowedTranslucencyPolicy","MeshMaterial","SF_Vertex","8","33679"
"TDepthOnlyVS<false>","MeshMaterial","SF_Vertex","44","110209"
"TDepthOnlyVS<true>","MeshMaterial","SF_Vertex","4","7549"
"THairVisiblityVS_MSAAVisibility_Culling","MeshMaterial","SF_Vertex","1","1648"
"THairVisiblityVS_MSAAVisibility_NoCulling","MeshMaterial","SF_Vertex","1","1586"
"THairVisiblityVS_PPLL","MeshMaterial","SF_Vertex","1","2693"
"THairVisiblityVS_Transmittance","MeshMaterial","SF_Vertex","1","2095"
"THairVisiblityVS_TransmittanceAndHairCount","MeshMaterial","SF_Vertex","1","2095"
"TShadowDepthPSPixelShadowDepth_NonPerspectiveCorrect","MeshMaterial","SF_Pixel","21","12409"
"TShadowDepthPSPixelShadowDepth_OnePassPointLight","MeshMaterial","SF_Pixel","21","12407"
"TShadowDepthPSPixelShadowDepth_PerspectiveCorrect","MeshMaterial","SF_Pixel","21","14955"
"TShadowDepthVSVertexShadowDepth_OnePassPointLight","MeshMaterial","SF_Vertex","44","111674"
"TShadowDepthVSVertexShadowDepth_OnePassPointLightPositionOnly","MeshMaterial","SF_Vertex","4","8458"
"TShadowDepthVSVertexShadowDepth_OutputDepth","MeshMaterial","SF_Vertex","44","125250"
"TShadowDepthVSVertexShadowDepth_OutputDepthPositionOnly","MeshMaterial","SF_Vertex","4","11345"
"TShadowDepthVSVertexShadowDepth_PerspectiveCorrect","MeshMaterial","SF_Vertex","44","118919"
"TShadowDepthVSVertexShadowDepth_PerspectiveCorrectPositionOnly","MeshMaterial","SF_Vertex","4","11066"
"TVelocityPS<EVelocityPassMode::Velocity_Standard>","MeshMaterial","SF_Pixel","31","31379"
"TVelocityVS<EVelocityPassMode::Velocity_Standard>","MeshMaterial","SF_Vertex","49","169685"
"TVirtualTexturePSBaseColor","MeshMaterial","SF_Pixel","16","15821"
"TVirtualTexturePSBaseColorNormalRoughness","MeshMaterial","SF_Pixel","16","23924"
"TVirtualTexturePSBaseColorNormalSpecular","MeshMaterial","SF_Pixel","16","22476"
"TVirtualTexturePSDisplacement","MeshMaterial","SF_Pixel","15","5921"
"TVirtualTexturePSMask4","MeshMaterial","SF_Pixel","15","4574"
"TVirtualTexturePSWorldHeight","MeshMaterial","SF_Pixel","15","11593"
"TVirtualTextureVSBaseColor","MeshMaterial","SF_Vertex","25","59078"
"TVirtualTextureVSBaseColorNormalRoughness","MeshMaterial","SF_Vertex","25","59078"
"TVirtualTextureVSBaseColorNormalSpecular","MeshMaterial","SF_Vertex","25","59078"
"TVirtualTextureVSDisplacement","MeshMaterial","SF_Vertex","25","59078"
"TVirtualTextureVSMask4","MeshMaterial","SF_Vertex","25","59078"
"TVirtualTextureVSWorldHeight","MeshMaterial","SF_Vertex","25","59078"
"TVoxelizeVolumeGS<VMode_Object_Box>","MeshMaterial","SF_Geometry","1","2005"
"TVoxelizeVolumeGS<VMode_Primitive_Sphere>","MeshMaterial","SF_Geometry","1","1446"
"TVoxelizeVolumePS<VMode_Object_Box>","MeshMaterial","SF_Pixel","1","2451"
"TVoxelizeVolumePS<VMode_Primitive_Sphere>","MeshMaterial","SF_Pixel","1","2388"
"TVoxelizeVolumeVS<VMode_Object_Box>","MeshMaterial","SF_Vertex","1","1634"
"TVoxelizeVolumeVS<VMode_Primitive_Sphere>","MeshMaterial","SF_Vertex","1","1834"
"FComputeKernelShader","ComputeKernel","SF_Compute","145","310888"
